,incident_number,subject_age,subject_gender,subject_race,subject_ethnicity,pd_force_type,lon,lat
0,1.0,47.0,F,Asian,Non-Hisp.,Rear Wrist Lock,-72.6412013,42.3250896
1,2.0,69.0,M,White,Non-Hisp.,Restrained to Hospital Bed,-72.6412013,42.3250896
2,3.0,32.0,M,White,Non-Hisp.,Arm Bar Take-Down,-72.6412013,42.3250896
3,,,,,,OC Spray,-72.6412013,42.3250896
4,4.0,48.0,M,White,Non-Hisp.,Arm Bar Take-Down,-72.6412013,42.3250896
5,,,,,,Firearm- Point/Aim at Human,-72.6412013,42.3250896
6,5.0,22.0,F,White,Non-Hisp.,Arm Bar Take-Down,-72.6412013,42.3250896
7,6.0,69.0,M,White,Non-Hisp.,Firearm- Point/Aim at Human,-72.6412013,42.3250896
8,7.0,47.0,F,Asian,Non-Hisp.,Arm Bar Take-Down,-72.6412013,42.3250896
9,8.0,36.0,M,White,Non-Hisp.,Arm Bar Take-Down,-72.6412013,42.3250896
10,9.0,51.0,M,White,Hispanic,Emergency Restraint Chair,-72.6412013,42.3250896
11,10.0,43.0,F,White,Non-Hisp.,Double Arm Bar Take-Down,-72.6412013,42.3250896
12,11.0,54.0,M,White,Non-Hisp.,"Rear Wrist Lock,  Double Arm Bar Take-Down",-72.6412013,42.3250896
13,,,,,,Baton - Pinned Legs,-72.6412013,42.3250896
14,12.0,21.0,M,White,Non-Hisp.,"Forced Against Cruiser, Pulled Out of Car",-72.6412013,42.3250896
15,,,,,,Baton - Rear Baton Arm Lock,-72.6412013,42.3250896
16,13.0,53.0,F,White,Non-Hisp.,"Picked Female Up, Restrained to Hospital Bed",-72.6412013,42.3250896
17,14.0,28.0,M,Asian,Non-Hisp.,Double Arm Bar Take-Down,-72.6412013,42.3250896
18,15.0,43.0,M,White,Non-Hisp.,Strike to the Face,-72.6412013,42.3250896
19,,,,,,"Baton - Rear Baton Arm Lock, Forward Jab",-72.6412013,42.3250896
20,16.0,30.0,F,White,Non-Hisp.,Rear Wrist Lock,-72.6412013,42.3250896
21,17.0,18.0,F,Black,Non-Hisp.,"Wrist Lock, Rear Wrist Lock, Knee Strike",-72.6412013,42.3250896
22,18.0,42.0,M,Black,Non-Hisp.,Arm Bar Take-Down,-72.6412013,42.3250896
23,,,,,,OC Spray,-72.6412013,42.3250896
24,19.0,29.0,M,White,Non-Hisp.,Pinned Against Cruiser,-72.6412013,42.3250896
25,20.0,24.0,M,White,Non-Hisp.,Arm Bar Take-Down,-72.6412013,42.3250896
26,,,,,,Baton - Leverage Tool,-72.6412013,42.3250896
27,21.0,24.0,F,White,Non-Hisp.,Restrained to the Ground,-72.6412013,42.3250896
28,22.0,36.0,M,White,Non-Hisp.,Prone Position Restraint,-72.6412013,42.3250896
29,23.0,44.0,F,White,Non-Hisp.,Arm Bar Take-Down,-72.6412013,42.3250896
30,24.0,17.0,M,White,Non-Hisp.,Arm Bar Take-Down,-72.6412013,42.3250896
31,25.0,65.0,M,White,Non-Hisp.,Reverse Wrist Lock,-72.6412013,42.3250896
32,26.0,29.0,M,White,Hispanic,OC Spray ,-72.6412013,42.3250896
33,27.0,58.0,F,White,Non-Hisp.,Firearm- Point/Aim at Human,-72.6412013,42.3250896
34,28.0,39.0,F,White,Non-Hisp.,Wrist Pinned Against Cruiser,-72.6412013,42.3250896
35,29.0,31.0,M,White,Non-Hisp.,Firearm- Point/Aim at Human,-72.6412013,42.3250896
36,30.0,31.0,M,White,Non-Hisp.,Firearm- Point/Aim at Human,-72.6412013,42.3250896
37,31.0,45.0,M,white,Non-Hisp.,Firearm- Point/Aim at Human,-72.6412013,42.3250896
38,32.0,46.0,M,White,Non-Hisp.,Non-Compliant Escort Technique,-72.6412013,42.3250896
39,33.0,23.0,M,White,Non-Hisp.,Double Take-Down,-72.6412013,42.3250896
40,,,,,,OC Spray,-72.6412013,42.3250896
41,34.0,55.0,F,White,Non-Hisp.,Rear Wrist Lock,-72.6412013,42.3250896
42,35.0,28.0,M,White,Non-Hisp.,Foot Chase Tackle,-72.6412013,42.3250896
43,36.0,35.0,F,White,Non-Hisp.,Rear Wrist Lock,-72.6412013,42.3250896
44,37.0,25.0,F,White,Non-Hisp.,Wrist Lock,-72.6412013,42.3250896
45,38.0,18.0,M,White,Non-Hisp.,Firearm- Point/Aim at Human,-72.6412013,42.3250896
46,39.0,16.0,F,White,Non-Hisp.,Rear Arm Lock Escort,-72.6412013,42.3250896
47,40.0,23.0,F,White,Hispanic,Wrist Lock,-72.6412013,42.3250896
48,41.0,35.0,M,White,Non-Hisp.,"Rear Wrist Lock,  Double Arm Bar Take-Down",-72.6412013,42.3250896
49,42.0,27.0,M,White,Non-Hisp.,Brought to Cruiser in Escort Position,-72.6412013,42.3250896
50,43.0,30.0,M,White,Non-Hisp.,Arm Bar Take-Down,-72.6412013,42.3250896
51,44.0,35.0,M,White,Non-Hisp.,40 MM Displayed,-72.6412013,42.3250896
52,45.0,35.0,M,White,Non-Hisp.,40 MM Displayed,-72.6412013,42.3250896
53,46.0,60.0,M,Black,Non-Hisp.,40 MM Displayed,-72.6412013,42.3250896
54,47.0,44.0,F,White,Non-Hisp.,Restrained to Hospital Bed,-72.6412013,42.3250896
55,48.0,20.0,M,White,Hispanic,Escort to Cruiser,-72.6412013,42.3250896
56,49.0,56.0,F,White,Non-Hisp.,Arm Bar Take-Down,-72.6412013,42.3250896
57,50.0,39.0,M,White,Non-Hisp.,Firearm- Point/Aim at Human,-72.6412013,42.3250896
58,,,,,,40 MM Displayed,-72.6412013,42.3250896
59,51.0,45.0,M,White,Non-Hisp.,Firearm- Point/Aim at Human,-72.6412013,42.3250896
60,52.0,23.0,M,White,Non-Hisp.,Baton - Front Jab,-72.6412013,42.3250896
61,53.0,22.0,M,White,Non-Hisp.,Emergency Restraint Chair,-72.6412013,42.3250896
62,54.0,27.0,M,White,Non-Hisp.,Baton - Leverage Tool,-72.6412013,42.3250896
63,,,,,,OC Spray,-72.6412013,42.3250896
64,,,,,,"Escort Position, Arm Bar Take-Down",-72.6412013,42.3250896
65,55.0,22.0,M,White,Non-Hisp.,Double Arm Bar Take-Down,-72.6412013,42.3250896
66,56.0,19.0,M,White,Non-Hisp.,Pinned Against Stockade to Immobilize,-72.6412013,42.3250896
67,57.0,17.0,M,White,Non-Hisp.,Foot Chase Tackle,-72.6412013,42.3250896
68,58.0,27.0,M,White,Non-Hisp.,Restrained Against Hopsital Bed,-72.6412013,42.3250896
69,59.0,26.0,M,Black,Non-Hisp.,Baton - Front Jab,-72.6412013,42.3250896
70,,,,,,OC Spray,-72.6412013,42.3250896
71,,,,,,Take Down,-72.6412013,42.3250896
72,60.0,23.0,M,Black,Non-Hisp.,Tackle,-72.6412013,42.3250896
73,61.0,23.0,M,White,Non-Hisp.,Arm Bar Take-Down,-72.6412013,42.3250896
74,62.0,29.0,F,White,Non-Hisp.,Moved in the Escort Position,-72.6412013,42.3250896
75,63.0,26.0,M,White,Non-Hisp.,40 MM Displayed,-72.6412013,42.3250896
76,64.0,58.0,M,White,Non-Hisp.,Physical - Arm Bar Take-Down,-72.6412013,42.3250896
77,65.0,22.0,M,White,Non-Hisp.,Physical - Knee Strikes ,-72.6412013,42.3250896
78,,,,,,OC Spray,-72.6412013,42.3250896
79,66.0,41.0,M,White,Hispanic,Take Down,-72.6412013,42.3250896
80,67.0,30.0,M,Black,Non-Hisp.,Take Down,-72.6412013,42.3250896
81,,,,,,Firearm- Point/Aim at Human,-72.6412013,42.3250896
82,68.0,52.0,M,White,Hispanic,Rear Wrist Lock,-72.6412013,42.3250896
83,,,,,,Firearm- Point/Aim at Human,-72.6412013,42.3250896
84,69.0,21.0,M,White,Non-Hisp.,Forced Into Back Seat of Cruiser,-72.6412013,42.3250896
85,70.0,43.0,M,White,Non-Hisp.,Baton - Side Horizontal Strike,-72.6412013,42.3250896
86,,,,,,"Strike to the Face, Restrained on Couch",-72.6412013,42.3250896
87,,,,,,40 MM Displayed,-72.6412013,42.3250896
88,71.0,42.0,M,Black,Non-Hisp.,Firearm- Point/Aim at Human,-72.6412013,42.3250896
89,72.0,23.0,F,White,Non-Hisp.,Arm Bar Take-Down,-72.6412013,42.3250896
90,73.0,29.0,F,White,Non-Hisp.,Take Down,-72.6412013,42.3250896
91,74.0,34.0,M,Black,Non-Hisp.,"Knee Strike, RestrainedLimbs, Take Down",-72.6412013,42.3250896
92,,,,,,,-72.6412013,42.3250896
93,,,,,,,-72.6412013,42.3250896
94,,,,,,,-72.6412013,42.3250896
95,1.0,22.0,M,White,Non-Hisp.,Double Arm Bar Take-Down ,-72.6412013,42.3250896
96,2.0,56.0,M,White,Non-Hisp.,"Double Arm Bar Take-Down, Pressure Point & Arm Lock ",-72.6412013,42.3250896
97,3.0,63.0,M,White,Non-Hisp.,Firearm - Point / Aim,-72.6412013,42.3250896
98,4.0,53.0,M,White,Non-Hisp.,"Foot Chase, Pulled Down From Fence",-72.6412013,42.3250896
99,5.0,40.0,M,White,Non-Hisp.,Double Arm Bar Take-Down,-72.6412013,42.3250896
100,6.0,26.0,F,Black,Non-Hisp.,"Arm Bar Take-Down, Forced in to Cruiser",-72.6412013,42.3250896
101,7.0,31.0,M,White,Non-Hisp.,"Arm Bar Take-Down, Forced in to Chair, Strikes to Face",-72.6412013,42.3250896
102,,,,,,Baton - Forward Strikes,-72.6412013,42.3250896
103,,,,,,OC Spray,-72.6412013,42.3250896
104,8.0,46.0,M,White,Non-Hisp.,"Double Arm Bar Take-Down, Moved in Escort Position",-72.6412013,42.3250896
105,9.0,49.0,M,White,Non-Hisp.,Rear Wrist Lock,-72.6412013,42.3250896
106,10.0,40.0,F,White,Non-Hisp.,"Forced Against Bed, Wrist Lock",-72.6412013,42.3250896
107,11.0,23.0,M,White,Hispanic,Moved in Escort Position,-72.6412013,42.3250896
108,,,,,,OC Spray,-72.6412013,42.3250896
109,12.0,45.0,M,White,Non-Hisp.,Baton - Used as Leverage Tool,-72.6412013,42.3250896
110,,,,,,OC Spray,-72.6412013,42.3250896
111,,,,,,Knee Strikes,-72.6412013,42.3250896
112,13.0,44.0,M,White,Non-Hisp.,Rear Wrist Lock,-72.6412013,42.3250896
113,14.0,19.0,M,White,Non-Hisp.,"Rear Wrist Lock, Arm Bar Take-Down",-72.6412013,42.3250896
114,15.0,25.0,M,Black,Non-Hisp.,OC Spray,-72.6412013,42.3250896
115,,,,,,Strikes to the Face,-72.6412013,42.3250896
116,16.0,23.0,M,White,Non - Hisp.,Rear Wrist Lock,-72.6412013,42.3250896
117,17.0,23.0,F,White,Non - Hisp.,Rear Wrist Lock,-72.6412013,42.3250896
118,18.0,15.0,F,White,Non - Hisp.,Escorted to Seated Position,-72.6412013,42.3250896
119,19.0,49.0,M,White,Non - Hisp.,"Pinned Against Wall, Arm Bar Take-Down",-72.6412013,42.3250896
120,20.0,38.0,M,White,Non - Hisp.,Firearm - Point / Aim,-72.6412013,42.3250896
121,21.0,47.0,M,White,Non - Hisp.,OC Spray,-72.6412013,42.3250896
122,,,,,,Arm Bar Take-Down,-72.6412013,42.3250896
123,22.0,53.0,M,White,Non - Hisp.,Baton - Used to Apply Pressure,-72.6412013,42.3250896
124,23.0,19.0,M,White,Non - Hisp.,Facial Strike,-72.6412013,42.3250896
125,24.0,19.0,F,White,Non - Hisp.,"Double Rear Wrist Lock, Take Down",-72.6412013,42.3250896
126,25.0,33.0,M,White,Non - Hisp.,OC Spray,-72.6412013,42.3250896
127,,,,,,Forced Against Wall,-72.6412013,42.3250896
128,26.0,15.0,F,White,Non - Hisp.,Rear Wrist Lock,-72.6412013,42.3250896
129,27.0,43.0,M,White,Non - Hisp.,Knee to Shoulder Blade,-72.6412013,42.3250896
130,28.0,49.0,M,White,Non - Hisp.,Forced in to Cruiser,-72.6412013,42.3250896
131,29.0,59.0,M,White,Non - Hisp.,Take Down,-72.6412013,42.3250896
132,30.0,26.0,M,White,Non - Hisp.,Firearm - Point / Aim,-72.6412013,42.3250896
133,31.0,27.0,M,White,Non - Hisp.,Firearm - Point / Aim,-72.6412013,42.3250896
134,32.0,50.0,M,White,Hispanic,Escorted to the Ground,-72.6412013,42.3250896
135,33.0,35.0,F,White,Non - Hisp.,Jaw Hold to Prevent Swallowing ,-72.6412013,42.3250896
136,34.0,22.0,M,Black,Non - Hisp.,Firearm - Point / Aim,-72.6412013,42.3250896
137,35.0,27.0,M,White,Non - Hisp.,Firearm - Point / Aim,-72.6412013,42.3250896
138,36.0,56.0,F,White,Non - Hisp.,Arm Bar Take-Down,-72.6412013,42.3250896
139,37.0,14.0,F,Black,Non - Hisp.,Moved in Escort Position,-72.6412013,42.3250896
140,38.0,56.0,M,White,Non - Hisp.,Arm Bar Take-Down,-72.6412013,42.3250896
141,39.0,35.0,M,White,Non - Hisp.,OC Spray,-72.6412013,42.3250896
142,,,,,,Arm Bar Take-Down,-72.6412013,42.3250896
143,40.0,56.0,M,White,Non - Hisp.,"Moved in Escort Position, Arm Bar Take-down",-72.6412013,42.3250896
144,41.0,51.0,F,White,Non - Hisp.,Arm Bar Take-down,-72.6412013,42.3250896
145,42.0,22.0,M,White,Non - Hisp.,OC Spray,-72.6412013,42.3250896
146,,,,,,"Rear Wrist Lock, Pinned Against Cruiser",-72.6412013,42.3250896
147,43.0,60.0,M,White,Non - Hisp.,Rear Wrist Lock,-72.6412013,42.3250896
148,44.0,56.0,M,White,Non - Hisp.,Double Arm Bar Take-Down,-72.6412013,42.3250896
149,45.0,27.0,F,White,Non - Hisp.,"Arm Bar Take-Down, Pinned Against Couch",-72.6412013,42.3250896
150,46.0,35.0,F,White,Non - Hisp.,Forced in to Escort Position,-72.6412013,42.3250896
151,47.0,71.0,M,White,Non - Hisp.,Firearm - Point / Aim,-72.6412013,42.3250896
152,48.0,25.0,M,White,Non - Hisp.,"Double Rear Wrist Lock, Restrained Against Wall",-72.6412013,42.3250896
153,49.0,27.0,M,Black,Non - Hisp.,OC Spray,-72.6412013,42.3250896
154,,,,,,"Escorted to Hood of Cruiser, Rear Wrist Lock",-72.6412013,42.3250896
155,50.0,14.0,F,Black,Non - Hisp.,"Limb Restraint, Moved in Escort Position",-72.6412013,42.3250896
156,51.0,33.0,M,White,Non - Hisp.,Firearm - Point / Aim,-72.6412013,42.3250896
157,52.0,49.0,M,White,Non - Hisp.,"Placed on the Ground, Carried to Cruiser",-72.6412013,42.3250896
158,53.0,45.0,M,White,Non - Hisp.,"Arm Bar Take-Down, Wrist Lock",-72.6412013,42.3250896
159,54.0,60.0,M,White,Non - Hisp.,OC Spray,-72.6412013,42.3250896
160,,,,,,Arm Bar Take-Down,-72.6412013,42.3250896
161,55.0,24.0,M,White,Non - Hisp.,Pinned and Restrained to Hospital Bed,-72.6412013,42.3250896
162,56.0,39.0,M,White,Non - Hisp.,Foot Chase Tackle,-72.6412013,42.3250896
163,57.0,24.0,M,White,Non - Hisp.,"Wrist Lock, Pushed Against Wall",-72.6412013,42.3250896
164,58.0,21.0,M,White,Non - Hisp.,Tackled,-72.6412013,42.3250896
165,59.0,51.0,M,White,Non - Hisp.,Double Arm Bar Take-Down,-72.6412013,42.3250896
166,60.0,81.0,M,White,Non - Hisp.,Arm Bar Take-Down,-72.6412013,42.3250896
167,61.0,34.0,F,White,Non - Hisp.,"Take Down, Leg Restrained",-72.6412013,42.3250896
168,62.0,26.0,M,White,Non - Hisp.,"Rear Wrist Lock, Pinned Against Wall",-72.6412013,42.3250896
169,63.0,15.0,F,White,Non - Hisp.,Moved in Escort Position,-72.6412013,42.3250896
170,64.0,40.0,M,Black,Non - Hisp.,"Tackled When Fleeing, Limb Restraint, Knee to Back",-72.6412013,42.3250896
171,,,,,,Emergency Restraint Chair,-72.6412013,42.3250896
172,65.0,22.0,M,White,Hispanic,Firearm - Point / Aim,-72.6412013,42.3250896
173,66.0,34.0,M,White,Non - Hisp.,"Arms Restrained, Carried to Wheelchair",-72.6412013,42.3250896
174,67.0,18.0,M,White,Hispanic,"Rear Wrist Lock, Pinned Against Wall",-72.6412013,42.3250896
175,68.0,24.0,M,White,Non - Hisp.,"Upward Hand Strike, Moved in Escort Position",-72.6412013,42.3250896
176,69.0,43.0,M,White,Non - Hisp.,Forced to Cruiser,-72.6412013,42.3250896
177,70.0,49.0,F,Asian,Non - Hisp.,"Limb Restraint, Restrained on Couch",-72.6412013,42.3250896
178,71.0,51.0,M,White,Non - Hisp.,Double Arm Bar Take-Down,-72.6412013,42.3250896
179,72.0,46.0,M,Black,Non - Hisp.,Firearm - Point / Aim,-72.6412013,42.3250896
180,1,53,M,White,Non-Hisp.,Emergency Restraint Chair,-72.6412013,42.3250896
181,2,22,M,White,Hispanic,Emergency Restraint Chair,-72.6412013,42.3250896
182,3,23,F,White,Hispanic,"Emergency Restraint Chair, Physical Force",-72.6412013,42.3250896
183,4,25,F,Black,Non-Hisp.,O.C. Spray,-72.6412013,42.3250896
184,5,34,M,Black,Non-Hisp.,O.C. Spray,-72.6412013,42.3250896
185,6,28,M,White,Non-Hisp.,40 MM Displayed,-72.6412013,42.3250896
186,7,52,M,Black,Non-Hisp.,40 MM Displayed,-72.6412013,42.3250896
187,8,26,M,White,Non-Hisp.,40 MM Displayed,-72.6412013,42.3250896
188,9,14,M,White,Non-Hisp.,Arm Bar Take-Down,-72.6412013,42.3250896
189,10,50,M,White,Non-Hisp.,"Arm Bar Take-Down, Rear Wrist Lock",-72.6412013,42.3250896
190,11,65,M,White,Non-Hisp.,Rear Wrist Lock,-72.6412013,42.3250896
191,12,62,F,White,Non-Hisp.,Rear Wrist Lock,-72.6412013,42.3250896
192,13,22,F,Hispanic,Hispanic,"Physical Force, Tackle",-72.6412013,42.3250896
193,14,44,M,White,Non-Hisp.,Left Handed Push to Torso,-72.6412013,42.3250896
194,15,23,M,Black,Non-Hisp.,"Non-Compliant Escort Position, Rear Wrist Lock",-72.6412013,42.3250896
195,16,28,M,White,Non-Hisp.,Escorted to Ground,-72.6412013,42.3250896
196,17,22,M,White,Non-Hisp.,Rear Wrist Lock,-72.6412013,42.3250896
197,18,34,F,White,Non-Hisp.,"Non-Compliant Escort Position, Rear Wrist Lock",-72.6412013,42.3250896
198,19,*,F,White,Non-Hisp.,Non-Compliant Escort Position,-72.6412013,42.3250896
199,20,45,M,Hispanic,Hispanic,Double Rear Wrist Lock,-72.6412013,42.3250896
200,21,53,F,White,Non-Hisp.,Non-Compliant Escort Position,-72.6412013,42.3250896
201,22,24,F,Black,Non-Hisp.,"Pulled From Vehicle, Rear Wrist Lock",-72.6412013,42.3250896
202,23,52,M,White,Non-Hisp.,"Rear Wrist Lock, Arm Bar Take-Down",-72.6412013,42.3250896
203,24,55,F,White,Non-Hisp.,Non-Compliant Escort Position,-72.6412013,42.3250896
204,25,*,M,White,Non-Hisp.,Non-Compliant Escort Position,-72.6412013,42.3250896
205,26,*,M,White,Non-Hisp.,Arm Bar Take-Down,-72.6412013,42.3250896
206,27,21,F,White,Non-Hisp.,Forced to Ground,-72.6412013,42.3250896
207,28,24,M,Black,Non-Hisp.,Rear Wrist Lock,-72.6412013,42.3250896
208,29,36,F,White,Non-Hisp.,"Non-Compliant Escort Position, Rear Wrist Lock",-72.6412013,42.3250896
209,30,24,F,White,Non-Hisp.,Double Rear Wrist Lock,-72.6412013,42.3250896
210,31,*,F,Black,Non-Hisp.,Body Restrained,-72.6412013,42.3250896
211,32,58,F,White,Non-Hisp.,Rear Wrist Lock,-72.6412013,42.3250896
212,33,19,F,White,Non-Hisp.,Non-Compliant Escort Position,-72.6412013,42.3250896
213,34,*,M,White,Non-Hisp.,Forced arms into handcuff position,-72.6412013,42.3250896
214,35,44,M,White,Non-Hisp.,Rear Wrist Lock,-72.6412013,42.3250896
215,36,26,M,White,Non-Hisp.,Rear Wrist Lock,-72.6412013,42.3250896
216,37,43,M,White,Non-Hisp.,"Tackled, Forced Arms into Handcuff Position",-72.6412013,42.3250896
217,38,39,M,Hispanic,Hispanic,"Physical Force, Tackle",-72.6412013,42.3250896
218,39,*,M,White,Non-Hisp.,"Physical Force, Carried",-72.6412013,42.3250896
219,40,18,M,White,Non-Hisp.,Arm Bar Take-Down,-72.6412013,42.3250896
220,41,45,M,Hispanic,Non-Hisp.,Escorted to Ground,-72.6412013,42.3250896
221,42,22,M,Hispanic,Hispanic,"Rear Wrist Lock, Takedown",-72.6412013,42.3250896
222,43,44,M,White,Non-Hisp.,Arm Bar Take-Down,-72.6412013,42.3250896
223,44,21,M,White,Non-Hisp.,Rear Wrist Lock,-72.6412013,42.3250896
224,45,37,M,White,Non-Hisp.,Body Restrained,-72.6412013,42.3250896
225,46,20,M,White,Non-Hisp.,Non-Compliant Escort Position,-72.6412013,42.3250896
226,47,64,M,White,Non-Hisp.,Non-Compliant Escort Position,-72.6412013,42.3250896
227,48,44,F,White,Non-Hisp.,Rear Wrist Lock,-72.6412013,42.3250896
228,49,57,F,White,Non-Hisp.,Non-Compliant Escort Position,-72.6412013,42.3250896
229,50,57,F,White,Non-Hisp.,"Rear Wrist Lock, Non-Compliant Escort Position",-72.6412013,42.3250896
230,51,34,M,Black,Non-Hisp.,"O.C. Spray, Arm Bar Take-Down, Non-Compliant Escort Position",-72.6412013,42.3250896
231,52,*,M,White,Non-Hisp.,Firmly Held Right Arm to Prevent Escape,-72.6412013,42.3250896
232,53,38,F,White,Non-Hisp.,"Rear Wrist Lock, Non-Compliant Escort Position",-72.6412013,42.3250896
233,54,50,M,Hispanic,Hispanic,Body Restrained,-72.6412013,42.3250896
234,55,50,F,Black,Non-Hisp.,"Rear Wrist Lock, Non-Compliant Escort Position",-72.6412013,42.3250896
235,56,25,M,Hispanic,Hispanic,"Physical Force, Peroneal Knee Strike",-72.6412013,42.3250896
236,57,15,F,White,Non-Hisp.,Rear Wrist Lock,-72.6412013,42.3250896
237,58,26,F,White,Non-Hisp.,Double Rear Wrist Lock,-72.6412013,42.3250896
238,59,45,M,Hispanic,Hispanic,Arm Bar Take-Down,-72.6412013,42.3250896
239,60,27,M,White,Non-Hisp.,"Pulled From Scaling Fence, Rear Wrist Lock",-72.6412013,42.3250896
240,61,56,M,White,Non-Hisp.,"Defensive Leg Kick, Body Restrained",-72.6412013,42.3250896
241,62,58,M,Hispanic,Hispanic,"Physical Force, Arm Bar Take-Down",-72.6412013,42.3250896
242,63,31,F,White,Non-Hisp.,"Physical Force, Rear Wrist Lock",-72.6412013,42.3250896
243,64,26,M,White,Non-Hisp.,Forced arms into handcuff position,-72.6412013,42.3250896
244,65,19,M,White,Non-Hisp.,"Physical Force, Body Restrained",-72.6412013,42.3250896
245,66,44,F,Black,Non-Hisp.,"Physical Force, Body Restrained",-72.6412013,42.3250896
246,67,56,M,White,Non-Hisp.,Baton Wrist Lock,-72.6412013,42.3250896
247,68,*,M,White,Non-Hisp.,Baton,-72.6412013,42.3250896
248,69,*,M,Black,Non-Hisp.,Baton,-72.6412013,42.3250896
249,70,*,F,White,Non-Hisp.,Baton Support Arm Lock,-72.6412013,42.3250896
250,71,35,M,White,Non-Hisp.,"Baton Arm Lock, O.C. Spray, Physical Force",-72.6412013,42.3250896
251,72,31,M,Black,Non-Hisp.,Firearm Displayed,-72.6412013,42.3250896
252,73,53,M,White,Non-Hisp.,Firearm Displayed,-72.6412013,42.3250896
253,74,19,M,Hispanic,Hispanic,Firearm Displayed,-72.6412013,42.3250896
254,75,24,M,Hispanic,Hispanic,Firearm Displayed,-72.6412013,42.3250896
255,76,32,M,Hispanic,Hispanic,Firearm Displayed,-72.6412013,42.3250896
256,77,31,M,White,Non-Hisp.,Firearm Displayed,-72.6412013,42.3250896
257,78,29,M,White,Non-Hisp.,Firearm Displayed,-72.6412013,42.3250896
258,79,27,M,Black,Non-Hisp.,"Firearm Displayed, Physical Force",-72.6412013,42.3250896
259,80,40,M,White,Non-Hisp.,Firearm Displayed,-72.6412013,42.3250896
260,81,47,M,Black,Non-Hisp.,Firearm Displayed,-72.6412013,42.3250896
261,1,,,,,,-72.6412013,42.3250896
262,2018 Officer-involved Shootings,,,,,,-72.6412013,42.3250896
263,Event #,Subject Age,Subject Gender,Subject Race,Subject Ethnicity,,-72.6412013,42.3250896
264,1,,,,,,-72.6412013,42.3250896
265,2017 Officer-involved Shootings,,,,,,-72.6412013,42.3250896
266,Event #,Subject Age,Subject Gender,Subject Race,Subject Ethnicity,,-72.6412013,42.3250896
267,1,,,,,,-72.6412013,42.3250896
268,2016 Officer-involved Shootings,,,,,,-72.6412013,42.3250896
269,Event #,Subject Age,Subject Gender,Subject Race,Subject Ethnicity,,-72.6412013,42.3250896
270,1,,,,,,-72.6412013,42.3250896
271,2015 Officer-involved Shootings,,,,,,-72.6412013,42.3250896
272,Event #,Subject Age,Subject Gender,Subject Race,Subject Ethnicity,,-72.6412013,42.3250896
273,1,,,,,,-72.6412013,42.3250896
274,2014 Officer-involved Shootings,,,,,,-72.6412013,42.3250896
275,Event #,Subject Age,Subject Gender,Subject Race,Subject Ethnicity,,-72.6412013,42.3250896
276,1,,,,,,-72.6412013,42.3250896
277,2013 Officer-involved Shootings,,,,,,-72.6412013,42.3250896
278,Event #,Subject Age,Subject Gender,Subject Race,Subject Ethnicity,,-72.6412013,42.3250896
279,1,,,,,,-72.6412013,42.3250896
280,2012 Officer-involved Shootings,,,,,,-72.6412013,42.3250896
281,Event #,Subject Age,Subject Gender,Subject Race,Subject Ethnicity,,-72.6412013,42.3250896
282,1,,,,,,-72.6412013,42.3250896
283,2011 Officer-involved Shootings,,,,,,-72.6412013,42.3250896
284,Event #,Subject Age,Subject Gender,Subject Race,Subject Ethnicity,,-72.6412013,42.3250896
285,1,,,,,,-72.6412013,42.3250896
286,2010 Officer-involved Shootings,,,,,,-72.6412013,42.3250896
287,Event #,Subject Age,Subject Gender,Subject Race,Subject Ethnicity,,-72.6412013,42.3250896
288,1,,,,,,-72.6412013,42.3250896
289,2009 Officer-involved Shootings,,,,,,-72.6412013,42.3250896
290,Event #,Subject Age,Subject Gender,Subject Race,Subject Ethnicity,,-72.6412013,42.3250896
291,1,,,,,,-72.6412013,42.3250896
292,2008 Officer-involved Shootings,,,,,,-72.6412013,42.3250896
293,Event #,Subject Age,Subject Gender,Subject Race,Subject Ethnicity,,-72.6412013,42.3250896
294,1,,,,,,-72.6412013,42.3250896
295,2007 Officer-involved Shootings,,,,,,-72.6412013,42.3250896
296,Event #,Subject Age,Subject Gender,Subject Race,Subject Ethnicity,,-72.6412013,42.3250896
297,1,,,,,,-72.6412013,42.3250896
298,2006 Officer-involved Shootings,,,,,,-72.6412013,42.3250896
299,Event #,Subject Age,Subject Gender,Subject Race,Subject Ethnicity,,-72.6412013,42.3250896
300,1,,,,,,-72.6412013,42.3250896
301,2005 Officer-involved Shootings,,,,,,-72.6412013,42.3250896
302,Event #,Subject Age,Subject Gender,Subject Race,Subject Ethnicity,,-72.6412013,42.3250896
303,1,,,,,,-72.6412013,42.3250896
304,2004 Officer-involved Shootings,,,,,,-72.6412013,42.3250896
305,Event #,Subject Age,Subject Gender,Subject Race,Subject Ethnicity,,-72.6412013,42.3250896
306,1,,,,,,-72.6412013,42.3250896
307,2003 Officer-involved Shootings,,,,,,-72.6412013,42.3250896
308,Event #,Subject Age,Subject Gender,Subject Race,Subject Ethnicity,,-72.6412013,42.3250896
309,1,,,,,,-72.6412013,42.3250896
310,2002 Officer-involved Shootings,,,,,,-72.6412013,42.3250896
311,Event #,Subject Age,Subject Gender,Subject Race,Subject Ethnicity,,-72.6412013,42.3250896
312,1,,,,,,-72.6412013,42.3250896
313,2001 Officer-involved Shootings,,,,,,-72.6412013,42.3250896
314,Event #,Subject Age,Subject Gender,Subject Race,Subject Ethnicity,,-72.6412013,42.3250896
315,1,,,,,,-72.6412013,42.3250896
316,2000 Officer-involved Shootings,,,,,,-72.6412013,42.3250896
317,Event #,Subject Age,Subject Gender,Subject Race,Subject Ethnicity,,-72.6412013,42.3250896
318,1,,,,,,-72.6412013,42.3250896
