,0,Event #,Call Type,Time of Day,Subject Weapon,Subject Age,Subject Gender,Subject Race,Subject Ethnicity,Alcohol Drugs,PD Force Type,# of Officers,Arrest or ProtectiveCustody,"Subject Injured- If yes, type:","Officer Injured- If yes, type:",Unnamed: 15,Unnamed: 16,Unnamed: 17,Unnamed: 18,Unnamed: 19,Unnamed: 20,Unnamed: 21,State,City
0,1,1.0,Section 12- Mental Health,14:47:00,No,47,F,Asian,Non-Hisp.,None,Rear Wrist Lock,2,PC,No,No,,,,,,,,MA, Northampton
1,2,2.0,Disorderly Conduct,21:28:00,No,69,M,White,Non-Hisp.,Alcohol,Restrained to Hospital Bed,2,Arrest,No,No,,,,,,,,MA, Northampton
2,3,3.0,"Disorderly Conduct,Trespassing",18:00:00,No,32,M,White,Non-Hisp.,None,Arm Bar Take-Down,2,Arrest,Eyes Sore from OC spray,No,,,,,,,,MA, Northampton
3,4,,,,,,,,,,OC Spray,,,,,,,,,,,,MA, Northampton
4,5,4.0,Mental health,14:22:00,No,48,M,White,Non-Hisp.,"Alcohol, Drugs",Arm Bar Take-Down,3,PC,No,No,,,,,,,,MA, Northampton
5,6,,,,,,,,,,Firearm- Point/Aim at Human,,,,,,,,,,,,MA, Northampton
6,7,5.0,Section 12- Mental Health,22:17:00,No,22,F,White,Non-Hisp.,None,Arm Bar Take-Down,3,PC,No,No,,,,,,,,MA, Northampton
7,8,6.0,Oper. Under the Inf. and Other MV charges,00:49:00,No,69,M,White,Non-Hisp.,Alcohol,Firearm- Point/Aim at Human,2,Arrest,No,No,,,,,,,,MA, Northampton
8,9,7.0,Section 12- Mental Health,10:50:00,No,47,F,Asian,Non-Hisp.,None,Arm Bar Take-Down,1,PC,No,"Saliva in Eye, exposure",,,,,,,,MA, Northampton
9,10,8.0,"Disorderly Conduct, Disturbing the Peace",23:48:00,No,36,M,White,Non-Hisp.,Alcohol,Arm Bar Take-Down,2,Arrest,Cut on Lip from Take Down,No,,,,,,,,MA, Northampton
10,11,9.0,Operating Under the Influence,02:30:00,,51,M,White,Hispanic,Alcohol,Emergency Restraint Chair,3,Arrest,Cut on Head from Struggle with Officers,No,,,,,,,,MA, Northampton
11,12,10.0,"Disorderly Conduct,Trespassing",14:50:00,No,43,F,White,Non-Hisp.,None,Double Arm Bar Take-Down,3,Arrest,No,No,,,,,,,,MA, Northampton
12,13,11.0,Disorderly Conduct,00:58:00,No,54,M,White,Non-Hisp.,Alcohol,"Rear Wrist Lock,  Double Arm Bar Take-Down",5,Arrest,No,No,,,,,,,,MA, Northampton
13,14,,,,,,,,,,Baton - Pinned Legs,,,,,,,,,,,,MA, Northampton
14,15,12.0,Section 12- Mental Health,00:40:00,No,21,M,White,Non-Hisp.,None,"Forced Against Cruiser, Pulled Out of Car",3,PC,No,No,,,,,,,,MA, Northampton
15,16,,,,,,,,,,Baton - Rear Baton Arm Lock,,,,,,,,,,,,MA, Northampton
16,17,13.0,Mental health,08:06:00,No,53,F,White,Non-Hisp.,None,"Picked Female Up, Restrained to Hospital Bed",1,PC,No,No,,,,,,,,MA, Northampton
17,18,14.0,Warrant Service,17:30:00,No,28,M,Asian,Non-Hisp.,Alcohol,Double Arm Bar Take-Down,3,Arrest,Sore Back and Torso from Take Down,No,,,,,,,,MA, Northampton
18,19,15.0,"Disorderly Conduct,Trespassing",03:07:00,No,43,M,White,Non-Hisp.,None,Strike to the Face,2,Arrest,No,No,,,,,,,,MA, Northampton
19,20,,,,,,,,,,"Baton - Rear Baton Arm Lock, Forward Jab",,,,,,,,,,,,MA, Northampton
20,21,16.0,Section 12- Mental Health,14:35:00,No,30,F,White,Non-Hisp.,None,Rear Wrist Lock,2,PC,No,No,,,,,,,,MA, Northampton
21,22,17.0,Redacted*,21:19:00,No,18,F,Black,Non-Hisp.,None,"Wrist Lock, Rear Wrist Lock, Knee Strike",2,Arrest,No,No,,,,,,,,MA, Northampton
22,23,18.0,Warrant Arrest,10:50:00,No,42,M,Black,Non-Hisp.,Drugs,Arm Bar Take-Down,2,Arrest,No,No,,,,,,,,MA, Northampton
23,24,,,,,,,,,,OC Spray,,,,,,,,,,,,MA, Northampton
24,25,19.0,Disorderly Conduct,01:12:00,No,29,M,White,Non-Hisp.,Alcohol,Pinned Against Cruiser,1,Arrest,No,No,,,,,,,,MA, Northampton
25,26,20.0,"Disorderly Conduct, Assault and Battery",01:12:00,No,24,M,White,Non-Hisp.,Alcohol,Arm Bar Take-Down,1,Arrest,Cut on Lip from Take Down,No,,,,,,,,MA, Northampton
26,27,,,,,,,,,,Baton - Leverage Tool,,,,,,,,,,,,MA, Northampton
27,28,21.0,"Disorderly Conduct, Assault and Battery on a Police Officer",01:12:00,No,24,F,White,Non-Hisp.,Alcohol,Restrained to the Ground,1,Arrest,Wrist/Arm Sore from being Restrained,Assaulted in the Face  ,,,,,,,,MA, Northampton
28,29,22.0,"Section 12 - Mental Health, Redacted*",00:55:00,No,36,M,White,Non-Hisp.,Alcohol,Prone Position Restraint,2,PC,No,No,,,,,,,,MA, Northampton
29,30,23.0,Open Container of Alcohol,13:29:00,No,44,F,White,Non-Hisp.,None,Arm Bar Take-Down,1,Arrest,No,No,,,,,,,,MA, Northampton
30,31,24.0,Disorderly Conduct,23:00:00,No,17,M,White,Non-Hisp.,Alcohol,Arm Bar Take-Down,1,Arrest,Cuts on Face ,No,,,,,,,,MA, Northampton
31,32,25.0,"Disorderly Conduct, Drug Activity",00:04:00,No,65,M,White,Non-Hisp.,Drugs,Reverse Wrist Lock,2,Arrest,Cuts on Wrist from being Restrained,No,,,,,,,,MA, Northampton
32,33,26.0,"Disorderly Conduct, Redacted*",21:43:00,No,29,M,White,Hispanic,Alcohol,OC Spray ,2,Arrest,Eyes Sore from OC spray,No,,,,,,,,MA, Northampton
33,34,27.0,Bank Robbery,10:22:00,Yes,58,F,White,Non-Hisp.,None,Firearm- Point/Aim at Human,3,Arrest,No,No,,,,,,,,MA, Northampton
34,35,28.0,Redacted*,18:19:00,No,39,F,White,Non-Hisp.,Alcohol,Wrist Pinned Against Cruiser,2,Arrest,No,No,,,,,,,,MA, Northampton
35,36,29.0,Warrant Arrest,20:46:00,No,31,M,White,Non-Hisp.,Drugs,Firearm- Point/Aim at Human,2,Arrest,No,No,,,,,,,,MA, Northampton
36,37,30.0,Warrant Arrest,20:46:00,No,31,M,White,Non-Hisp.,None,Firearm- Point/Aim at Human,2,Arrest,No,No,,,,,,,,MA, Northampton
37,38,31.0,"Oper. Under Inf., Fail to Stop, MV charges",23:31:00,No,45,M,white,Non-Hisp.,Alcohol,Firearm- Point/Aim at Human,1,Arrest,No,No,,,,,,,,MA, Northampton
38,39,32.0,Redacted*,09:51:00,No,46,M,White,Non-Hisp.,None,Non-Compliant Escort Technique,1,Arrest,Shoulder Injury from being Escorted,No,,,,,,,,MA, Northampton
39,40,33.0,Section 12- Mental Health,19:16:00,No,23,M,White,Non-Hisp.,None,Double Take-Down,2,PC,Cut on Head,No,,,,,,,,MA, Northampton
40,41,,,,,,,,,,OC Spray,,,,,,,,,,,,MA, Northampton
41,42,34.0,Disorderly Conduct,23:47:00,No,55,F,White,Non-Hisp.,Alcohol,Rear Wrist Lock,1,Arrest,No,No,,,,,,,,MA, Northampton
42,43,35.0,Shoplifting,10:43:00,No,28,M,White,Non-Hisp.,None,Foot Chase Tackle,2,Arrest,Unspecified Minor Injury from Tackle,Arm Injury,,,,,,,,MA, Northampton
43,44,36.0,Section 12- Mental Health,21:44:00,No,35,F,White,Non-Hisp.,None,Rear Wrist Lock,2,PC,No,No,,,,,,,,MA, Northampton
44,45,37.0,Section 12- Mental Health,14:20:00,No,25,F,White,Non-Hisp.,None,Wrist Lock,3,PC,No,No,,,,,,,,MA, Northampton
45,46,38.0,Breaking and Entering ,23:24:00,No,18,M,White,Non-Hisp.,None,Firearm- Point/Aim at Human,2,PC,No,No,,,,,,,,MA, Northampton
46,47,39.0,Medical Emergency,21:01:00,No,16,F,White,Non-Hisp.,None,Rear Arm Lock Escort,3,PC,No,No,,,,,,,,MA, Northampton
47,48,40.0,Redacted*,03:07:00,No,23,F,White,Hispanic,None,Wrist Lock,2,PC,No,No,,,,,,,,MA, Northampton
48,49,41.0,Disturbance,13:17:00,No,35,M,White,Non-Hisp.,None,"Rear Wrist Lock,  Double Arm Bar Take-Down",2,PC,No,No,,,,,,,,MA, Northampton
49,50,42.0,Section 12- Mental Health,10:59:00,No,27,M,White,Non-Hisp.,None,Brought to Cruiser in Escort Position,2,PC,No,No,,,,,,,,MA, Northampton
50,51,43.0,Disorderly Conduct,20:44:00,No,30,M,White,Non-Hisp.,Alcohol,Arm Bar Take-Down,2,Arrest,Cuts on Right Side of Body from Take Down,No,,,,,,,,MA, Northampton
51,52,44.0,Mental Health- Assaultive Behavior,11:24:00,No,35,M,White,Non-Hisp.,None,40 MM Displayed,2,PC,No,No,,,,,,,,MA, Northampton
52,53,45.0,"Disorderly Conduct, Vandalism",15:27:00,No,35,M,White,Non-Hisp.,None,40 MM Displayed,1,PC,No,No,,,,,,,,MA, Northampton
53,54,46.0,Assault with a Dangerous Weapon,22:08:00,Yes,60,M,Black,Non-Hisp.,Alcohol,40 MM Displayed,1,Arrest,No,No,,,,,,,,MA, Northampton
54,55,47.0,Section 12- Mental Health,17:47:00,No,44,F,White,Non-Hisp.,None,Restrained to Hospital Bed,4,PC,No,No,,,,,,,,MA, Northampton
55,56,48.0,Warrant Arrest,20:45:00,No,20,M,White,Hispanic,"Alcohol, Drugs",Escort to Cruiser,1,Arrest,No,No,,,,,,,,MA, Northampton
56,57,49.0,Disorderly Conduct,23:36:00,No,56,F,White,Non-Hisp.,Alcohol,Arm Bar Take-Down,1,Arrest,No,No,,,,,,,,MA, Northampton
57,58,50.0,Section 12- Mental Health,16:06:00,No,39,M,White,Non-Hisp.,None,Firearm- Point/Aim at Human,3,PC,No,No,,,,,,,,MA, Northampton
58,59,,,,,,,,,,40 MM Displayed,,,,,,,,,,,,MA, Northampton
59,60,51.0,Possession of a Firearm,17:35:00,No,45,M,White,Non-Hisp.,Drugs,Firearm- Point/Aim at Human,1,Arrest,No,No,,,,,,,,MA, Northampton
60,61,52.0,Disturbance,01:33:00,No,23,M,White,Non-Hisp.,None,Baton - Front Jab,1,No,No,No,,,,,,,,MA, Northampton
61,62,53.0,Operating Under the Influence,03:38:00,No,22,M,White,Non-Hisp.,Alcohol,Emergency Restraint Chair,1,Arrest,No,No,,,,,,,,MA, Northampton
62,63,54.0,Shoplifting,10:15:00,No,27,M,White,Non-Hisp.,None,Baton - Leverage Tool,4,Arrest,No,No,,,,,,,,MA, Northampton
63,64,,,,,,,,,,OC Spray,,,,,,,,,,,,MA, Northampton
64,65,,,,,,,,,,"Escort Position, Arm Bar Take-Down",,,,,,,,,,,,MA, Northampton
65,66,55.0,Disorderly Conduct,18:20:00,No,22,M,White,Non-Hisp.,Alcohol,Double Arm Bar Take-Down,2,Arrest,Cut on Forehead and Lip from Take Down,No,,,,,,,,MA, Northampton
66,67,56.0,Protective Custody,04:13:00,No,19,M,White,Non-Hisp.,Alcohol,Pinned Against Stockade to Immobilize,1,Arrest,No,No,,,,,,,,MA, Northampton
67,68,57.0,Mental health,20:05:00,No,17,M,White,Non-Hisp.,None,Foot Chase Tackle,2,PC,No,Head Laceration,,,,,,,,MA, Northampton
68,69,58.0,Disorderly Conduct,15:26:00,No,27,M,White,Non-Hisp.,Alcohol,Restrained Against Hopsital Bed,2,Arrest,No,No,,,,,,,,MA, Northampton
69,70,59.0,Disorderly Conduct,01:20:00,No,26,M,Black,Non-Hisp.,Alcohol,Baton - Front Jab,2,Arrest,No,No,,,,,,,,MA, Northampton
70,71,,,,,,,,,,OC Spray,,,,,,,,,,,,MA, Northampton
71,72,,,,,,,,,,Take Down,,,,,,,,,,,,MA, Northampton
72,73,60.0,Disorderly Conduct,01:20:00,No,23,M,Black,Non-Hisp.,Alcohol,Tackle,1,Arrest,No,No,,,,,,,,MA, Northampton
73,74,61.0,Protective Custody,01:51:00,No,23,M,White,Non-Hisp.,Alcohol,Arm Bar Take-Down,2,Arrest,No,No,,,,,,,,MA, Northampton
74,75,62.0,Operating Under the Influence,02:45:00,No,29,F,White,Non-Hisp.,Alcohol,Moved in the Escort Position,2,Arrest,No,No,,,,,,,,MA, Northampton
75,76,63.0,Mental Health,04:49:00,No,26,M,White,Non-Hisp.,Alcohol,40 MM Displayed,1,PC,No,No,,,,,,,,MA, Northampton
76,77,64.0,Redacted*,05:44:00,No,58,M,White,Non-Hisp.,"Alcohol, Drugs",Physical - Arm Bar Take-Down,2,Arrest,"Bruise, Cut on Head from Take Down",No,,,,,,,,MA, Northampton
77,78,65.0,"Disorderly Conduct, Trespassing",22:16:00,No,22,M,White,Non-Hisp.,Alcohol,Physical - Knee Strikes ,3,Arrest,No,No,,,,,,,,MA, Northampton
78,79,,,,,,,,,,OC Spray,,,,,,,,,,,,MA, Northampton
79,80,66.0,MV Charge,00:21:00,No,41,M,White,Hispanic,Drugs,Take Down,3,Arrest,Minor Injuries from Take Down,"Strikes to Face, Bruises&Cuts",,,,,,,,MA, Northampton
80,81,67.0,"Breaking and Entering, Larceny",04:35:00,No,30,M,Black,Non-Hisp.,Alcohol,Take Down,3,Arrest,No,No,,,,,,,,MA, Northampton
81,82,,,,,,,,,,Firearm- Point/Aim at Human,,,,,,,,,,,,MA, Northampton
82,83,68.0,Disturbing the Peace,15:00:00,Yes,52,M,White,Hispanic,Alcohol,Rear Wrist Lock,2,Arrest,No,No,,,,,,,,MA, Northampton
83,84,,,,,,,,,,Firearm- Point/Aim at Human,,,,,,,,,,,,MA, Northampton
84,85,69.0,Unlicensed Operation,23:35:00,No,21,M,White,Non-Hisp.,None,Forced Into Back Seat of Cruiser,2,Arrest,No,No,,,,,,,,MA, Northampton
85,86,70.0,Disorderly Conduct,02:16:00,Yes,43,M,White,Non-Hisp.,None,Baton - Side Horizontal Strike,3,Arrest,Broken Nose from Strike to the Face,No,,,,,,,,MA, Northampton
86,87,,,,,,,,,,"Strike to the Face, Restrained on Couch",,,,,,,,,,,,MA, Northampton
87,88,,,,,,,,,,40 MM Displayed,,,,,,,,,,,,MA, Northampton
88,89,71.0,"Stolen Vehicle, MV Accident",13:50:00,No,42,M,Black,Non-Hisp.,None,Firearm- Point/Aim at Human,2,Arrest,No,No,,,,,,,,MA, Northampton
89,90,72.0,Disturbance,02:28:00,No,23,F,White,Non-Hisp.,Alcohol,Arm Bar Take-Down,2,PC,No,No,,,,,,,,MA, Northampton
90,91,73.0,Section 12- Mental Health,18:07:00,No,29,F,White,Non-Hisp.,Alcohol,Take Down,2,PC,No,No,,,,,,,,MA, Northampton
91,92,74.0,Disorderly Conduct,02:59:00,Yes,34,M,Black,Non-Hisp.,"Alcohol, Drugs","Knee Strike, RestrainedLimbs, Take Down",5,Arrest,No,No,,,,,,,,MA, Northampton
92,93,,,,,,,,,,,,,,,,,,,,,,MA, Northampton
93,94,,,,,,,,,,,,,,,,,,,,,,MA, Northampton
94,95,,,,,,,,,,,,,, ,,,,,,,,MA, Northampton
95,96,,Call Type,Time of Day,Subject Weapon,Subject Age,Subject Gender,Subject Race,Subject Ethnicity,Alcohol Drugs,PD Force Type,# of Officers,Arrest or Protective Custody,"Subject Injured- If yes, type:","Officer Injured- If yes, type:",Event #,,,,,,,MA, Northampton
96,97,,Disturbance,00:09:00,No,22,M,White,Non-Hisp.,Alcohol,Double Arm Bar Take-Down ,2,Arrest,No,No,1,,,,,,,MA, Northampton
97,98,,Redacted*,03:00:00,No,56,M,White,Non-Hisp.,Alcohol,"Double Arm Bar Take-Down, Pressure Point & Arm Lock ",2,PC,No,No,2,,,,,,,MA, Northampton
98,99,,Failure to Stop Vehicle,13:22:00,No,63,M,White,Non-Hisp.,No,Firearm - Point / Aim,1,PC,No,No,3,,,,,,,MA, Northampton
99,100,,Robbery and Warrant Arrest,15:02:00,No,53,M,White,Non-Hisp.,No,"Foot Chase, Pulled Down From Fence",2,Arrest,No,No,4,,,,,,,MA, Northampton
100,101,,Redacted*,17:31:00,No,40,M,White,Non-Hisp.,No,Double Arm Bar Take-Down,2,Arrest,No,No,5,,,,,,,MA, Northampton
101,102,,Redacted*,00:02:00,No,26,F,Black,Non-Hisp.,Alcohol,"Arm Bar Take-Down, Forced in to Cruiser",2,Arrest,No,No,6,,,,,,,MA, Northampton
102,103,,Shoplifting,19:51:00,No,31,M,White,Non-Hisp.,No,"Arm Bar Take-Down, Forced in to Chair, Strikes to Face",4,Arrest,OC Spray in Eyes,Several Officers Struck in the Face,7,,,,,,,MA, Northampton
103,104,,,,,,,,,,Baton - Forward Strikes,,,,,,,,,,,,MA, Northampton
104,105,,,,,,,,,,OC Spray,,,,,,,,,,,,MA, Northampton
105,106,,OUI,02:58:00,No,46,M,White,Non-Hisp.,Alcohol,"Double Arm Bar Take-Down, Moved in Escort Position",2,Arrest,Cut Lip from Pavement During Take Down,No,8,,,,,,,MA, Northampton
106,107,,Protective Custody,16:12:00,No,49,M,White,Non-Hisp.,Alcohol,Rear Wrist Lock,2,Arrest,No,No,9,,,,,,,MA, Northampton
107,108,,Redacted*,15:55:00,No,40,F,White,Non-Hisp.,Drugs,"Forced Against Bed, Wrist Lock",1,PC,No,No,10,,,,,,,MA, Northampton
108,109,,Disorderly Conduct,02:00:00,No,23,M,White,Hispanic,Alcohol,Moved in Escort Position,2,Arrest,No,No,11,,,,,,,MA, Northampton
109,110,,,,,,,,,,OC Spray,,,,,,,,,,,,MA, Northampton
110,111,,Disturbing the Peace,00:49:00,No,45,M,White,Non-Hisp.,Alcohol,Baton - Used as Leverage Tool,3,Arrest,Facial Abrasions from Take Down ,No,12,,,,,,,MA, Northampton
111,112,,,,,,,,,,OC Spray,,,,,,,,,,,,MA, Northampton
112,113,,,,,,,,,,Knee Strikes,,,,,,,,,,,,MA, Northampton
113,114,,Trespassing,14:40:00,No,44,M,White,Non-Hisp.,Alcohol,Rear Wrist Lock,1,Arrest,No,No,13,,,,,,,MA, Northampton
114,115,,Disorderly Conduct,21:59:00,No,19,M,White,Non-Hisp.,Alcohol,"Rear Wrist Lock, Arm Bar Take-Down",2,Arrest,Complaint of pain,No,14,,,,,,,MA, Northampton
115,116,,Disorderly Conduct,01:49:00,No,25,M,Black,Non-Hisp.,Alcohol,OC Spray,2,Arrest,No,No,15,,,,,,,MA, Northampton
116,117,,,,,,,,,,Strikes to the Face,,,,,,,,,,,,MA, Northampton
117,118,,Disorderly Conduct,02:00:00,No,23,M,White,Non - Hisp.,Alcohol,Rear Wrist Lock,2,Arrest,No,No,16,,,,,,,MA, Northampton
118,119,,Redacted*,12:51:00,No,23,F,White,Non - Hisp.,No,Rear Wrist Lock,4,Arrest,No,No,17,,,,,,,MA, Northampton
119,120,,Section 12,13:06:00,No,15,F,White,Non - Hisp.,No,Escorted to Seated Position,2,PC,No,No,18,,,,,,,MA, Northampton
120,121,,Disorderly Conduct,16:45:00,No,49,M,White,Non - Hisp.,"Alcohol, Drugs ","Pinned Against Wall, Arm Bar Take-Down",3,Arrest,Cut Lip from Take Down,No,19,,,,,,,MA, Northampton
121,122,,Assault and Battery,18:58:00,No,38,M,White,Non - Hisp.,Alcohol,Firearm - Point / Aim,1,Arrest,No,No,20,,,,,,,MA, Northampton
122,123,,Trespassing,01:39:00,No,47,M,White,Non - Hisp.,Alcohol,OC Spray,2,Arrest,No,No,21,,,,,,,MA, Northampton
123,124,,,,,,,,,,Arm Bar Take-Down,,,,,,,,,,,,MA, Northampton
124,125,,Intoxicated Person,14:35:00,No,53,M,White,Non - Hisp.,Alcohol,Baton - Used to Apply Pressure,1,PC,No,No,22,,,,,,,MA, Northampton
125,126,,Disorderly Conduct,00:51:00,No,19,M,White,Non - Hisp.,"Alcohol, Drugs",Facial Strike,1,Arrest,No,No,23,,,,,,,MA, Northampton
126,127,,Disorderly Conduct,20:18:00,No,19,F,White,Non - Hisp.,No,"Double Rear Wrist Lock, Take Down",2,Arrest,No,No,24,,,,,,,MA, Northampton
127,128,,Disorderly Conduct,00:43:00,No,33,M,White,Non - Hisp.,"Alcohol, Drugs ",OC Spray,1,Arrest,"OC Spray in Eyes, Cut on Knee and Forehead ",No,25,,,,,,,MA, Northampton
128,129,,,,,,,,,,Forced Against Wall,,,,,,,,,,,,MA, Northampton
129,130,,Redacted*,13:15:00,No,15,F,White,Non - Hisp.,No,Rear Wrist Lock,1,PC,No,No,26,,,,,,,MA, Northampton
130,131,,"Warrant Arrest, Disorderly Conduct",21:25:00,No,43,M,White,Non - Hisp.,No,Knee to Shoulder Blade,2,Arrest,Facial Abrasions from Ground,No,27,,,,,,,MA, Northampton
131,132,,Open Container,06:35:00,No,49,M,White,Non - Hisp.,Alcohol,Forced in to Cruiser,1,Arrest,No,No,28,,,,,,,MA, Northampton
132,133,,Protective Custody,21:33:00,No,59,M,White,Non - Hisp.,Alcohol,Take Down,3,Arrest,Nose Laceration,No,29,,,,,,,MA, Northampton
133,134,,"Disturbing the Peace, Break&Enter",02:50:00,No,26,M,White,Non - Hisp.,No,Firearm - Point / Aim,1,Arrest,No,No,30,,,,,,,MA, Northampton
134,135,,"Disturbing the Peace, Break&Enter",02:50:00,No,27,M,White,Non - Hisp.,No,Firearm - Point / Aim,1,Arrest,No,No,31,,,,,,,MA, Northampton
135,136,,Disorderly Conduct,20:45:00,No,50,M,White,Hispanic,Alcohol,Escorted to the Ground,4,Arrest,Bleeding on Mouth and Rear of Head,No,32,,,,,,,MA, Northampton
136,137,,Protective Custody,20:25:00,No,35,F,White,Non - Hisp.,Alcohol,Jaw Hold to Prevent Swallowing ,1,Arrest,No,No,33,,,,,,,MA, Northampton
137,138,,Assault and Battery,23:38:00,No,22,M,Black,Non - Hisp.,No,Firearm - Point / Aim,2,Arrest,No,No,34,,,,,,,MA, Northampton
138,139,,Failure to Stop,09:34:00,No,27,M,White,Non - Hisp.,No,Firearm - Point / Aim,1,Arrest,No,No,35,,,,,,,MA, Northampton
139,140,,Section 12,17:01:00,No,56,F,White,Non - Hisp.,No,Arm Bar Take-Down,1,PC,No,No,36,,,,,,,MA, Northampton
140,141,,Redacted*,11:45:00,No,14,F,Black,Non - Hisp.,No,Moved in Escort Position,1,PC,No,No,37,,,,,,,MA, Northampton
141,142,,Protective Custody,21:15:00,No,56,M,White,Non - Hisp.,Alcohol,Arm Bar Take-Down,1,Arrest,No,No,38,,,,,,,MA, Northampton
142,143,,Disorderly Conduct,13:24:00,No,35,M,White,Non - Hisp.,No,OC Spray,1,Arrest,No,No,39,,,,,,,MA, Northampton
143,144,,,,,,,,,,Arm Bar Take-Down,,,,,,,,,,,,MA, Northampton
144,145,,Protective Custody,17:03:00,No,56,M,White,Non - Hisp.,Alcohol,"Moved in Escort Position, Arm Bar Take-down",5,Arrest,Cuts on Face and Knee from Take Down,No,40,,,,,,,MA, Northampton
145,146,,Section 12,22:59:00,No,51,F,White,Non - Hisp.,No,Arm Bar Take-down,1,PC,No,No,41,,,,,,,MA, Northampton
146,147,,"Unarmed Robbery, Assault&Battery",20:59:00,No,22,M,White,Non - Hisp.,Alcohol,OC Spray,2,Arrest,No,No,42,,,,,,,MA, Northampton
147,148,,,,,,,,,,"Rear Wrist Lock, Pinned Against Cruiser",,,,,,,,,,,,MA, Northampton
148,149,,Open Container,17:15:00,No,60,M,White,Non - Hisp.,Alcohol,Rear Wrist Lock,3,Arrest,No,No,43,,,,,,,MA, Northampton
149,150,,Protective Custody,21:09:00,No,56,M,White,Non - Hisp.,Alcohol,Double Arm Bar Take-Down,2,Arrest,Cuts and Abrasions on Left Side,No,44,,,,,,,MA, Northampton
150,151,,Section 12,19:08:00,No,27,F,White,Non - Hisp.,No,"Arm Bar Take-Down, Pinned Against Couch",2,PC,No,No,45,,,,,,,MA, Northampton
151,152,,"Oper. Under the Infl., Disorderly Conduct",16:55:00,No,35,F,White,Non - Hisp.,"Alcohol, Drugs",Forced in to Escort Position,3,Arrest,No,No,46,,,,,,,MA, Northampton
152,153,,"Oper. Under the Infl, Failure to Stop MV",01:00:00,No,71,M,White,Non - Hisp.,Alcohol,Firearm - Point / Aim,1,Arrest,No,No,47,,,,,,,MA, Northampton
153,154,,"Trespassing, Warrant",02:49:00,No,25,M,White,Non - Hisp.,"Alcohol, Drugs","Double Rear Wrist Lock, Restrained Against Wall",3,Arrest,No,No,48,,,,,,,MA, Northampton
154,155,,Operating Under the Influence,02:18:00,No,27,M,Black,Non - Hisp.,Alcohol,OC Spray,2,Arrest,OC Spray in Eyes,Shin Injury from Tackle,49,,,,,,,MA, Northampton
155,156,,,,,,,,,,"Escorted to Hood of Cruiser, Rear Wrist Lock",,,,,,,,,,,,MA, Northampton
156,157,,Redacted*,09:30:00,No,14,F,Black,Non - Hisp.,No,"Limb Restraint, Moved in Escort Position",3,PC,No,No,50,,,,,,,MA, Northampton
157,158,,"Failure to Stop MV, Stolen MV",19:01:00,No,33,M,White,Non - Hisp.,Drugs,Firearm - Point / Aim,2,Arrest,No,No,51,,,,,,,MA, Northampton
158,159,,Disorderly Conduct,08:49:00,No,49,M,White,Non - Hisp.,Alcohol,"Placed on the Ground, Carried to Cruiser",2,Arrest,Cut/Abrasion on Shin from Take Down,No,52,,,,,,,MA, Northampton
159,160,,Disturbance,18:18:00,No,45,M,White,Non - Hisp.,Drugs,"Arm Bar Take-Down, Wrist Lock",1,PC,Cut on Forehead from Take Down,"Bruised Left Hand, Swelled Finger from Take Down",53,,,,,,,MA, Northampton
160,161,,Disorderly Conduct,13:49:00,No,60,M,White,Non - Hisp.,Alcohol,OC Spray,2,Arrest,Facial Abrasions from Take Down ,Facial Blood Exposure from Subject's Face Abrasion,54,,,,,,,MA, Northampton
161,162,,,,,,,,,,Arm Bar Take-Down,,,,,,,,,,,,MA, Northampton
162,163,,Assaultive Patient,07:46:00,No,24,M,White,Non - Hisp.,No,Pinned and Restrained to Hospital Bed,3,PC,No,No,55,,,,,,,MA, Northampton
163,164,,Shoplifting,13:07:00,No,39,M,White,Non - Hisp.,Alcohol,Foot Chase Tackle,1,Arrest,No,No,56,,,,,,,MA, Northampton
164,165,,Intoxicated Person,17:00:00,No,24,M,White,Non - Hisp.,Alcohol,"Wrist Lock, Pushed Against Wall",1,Arrest,No ,No,57,,,,,,,MA, Northampton
165,166,,Disorderly Conduct,00:01:00,No,21,M,White,Non - Hisp.,Alcohol,Tackled,1,Arrest,Complaint of Pain from Tackle,No,58,,,,,,,MA, Northampton
166,167,,Section 12,20:12:00,No,51,M,White,Non - Hisp.,No,Double Arm Bar Take-Down,2,PC,No,No,59,,,,,,,MA, Northampton
167,168,,Section 12,09:03:00,No,81,M,White,Non - Hisp.,No,Arm Bar Take-Down,1,PC,No,No,60,,,,,,,MA, Northampton
168,169,,Section 12,17:35:00,No,34,F,White,Non - Hisp.,No,"Take Down, Leg Restrained",3,PC,No,No,61,,,,,,,MA, Northampton
169,170,,OUI,01:50:00,No,26,M,White,Non - Hisp.,"Alcohol, Drugs ","Rear Wrist Lock, Pinned Against Wall",1,Arrest,No,No,62,,,,,,,MA, Northampton
170,171,,Section 12,22:14:00,No,15,F,White,Non - Hisp.,No,Moved in Escort Position,2,PC,No,No,63,,,,,,,MA, Northampton
171,172,,Open Container,17:00:00,No,40,M,Black,Non - Hisp.,Alcohol,"Tackled When Fleeing, Limb Restraint, Knee to Back",5,Arrest,No,No,64,,,,,,,MA, Northampton
172,173,,,,,,,,,,Emergency Restraint Chair,,,,,,,,,,,,MA, Northampton
173,174,,Failure to Stop MV,13:45:00,No,22,M,White,Hispanic,No,Firearm - Point / Aim,2,Arrest,No,No,65,,,,,,,MA, Northampton
174,175,,Section 12,20:42:00,No,34,M,White,Non - Hisp.,Drugs,"Arms Restrained, Carried to Wheelchair",2,PC,No,No,66,,,,,,,MA, Northampton
175,176,,Disturbance,08:43:00,No,18,M,White,Hispanic,No,"Rear Wrist Lock, Pinned Against Wall",1,Arrest,"Abrasion on Cheek, Left Wrist Sore",No,67,,,,,,,MA, Northampton
176,177,,Redacted*,00:03:00,No,24,M,White,Non - Hisp.,Alcohol,"Upward Hand Strike, Moved in Escort Position",2,Arrest,No,No,68,,,,,,,MA, Northampton
177,178,,Redacted*,16:02:00,No,43,M,White,Non - Hisp.,Alcohol,Forced to Cruiser,1,Arrest,No,No,69,,,,,,,MA, Northampton
178,179,,Section 12,18:09:00,No,49,F,Asian,Non - Hisp.,No,"Limb Restraint, Restrained on Couch",2,PC,No,No,70,,,,,,,MA, Northampton
179,180,,Section 12,21:47:00,No,51,M,White,Non - Hisp.,No,Double Arm Bar Take-Down,2,PC,No,No,71,,,,,,,MA, Northampton
180,181,,Assault and Battery,02:00:00,No,46,M,Black,Non - Hisp.,Alcohol,Firearm - Point / Aim,2,Arrest,No,No,72,,,,,,,MA, Northampton
181,182,,Call Type,Time of Day,Subject Weapon,Subject Age,Subject Gender,Subject Race,Subject Ethnicity,Alcohol Drugs,PD Force Type,# of Officers,Arrest or ProtectiveCustody,"Subject Injured- If yes, type:","Officer Injured- If yes, type:",,Event #,,,,,,MA, Northampton
182,183,,Self Inflicted Bodily Injury,21:40:00,Yes,53,M,White,Non-Hisp.,Alcohol,Emergency Restraint Chair,1,Arrest,No,No,,1,,,,,,MA, Northampton
183,184,,"Disorderly Conduct, Resisting Arrest",18:30:00,No,22,M,White,Hispanic,Alcohol,Emergency Restraint Chair,3,Arrest,No,No,,2,,,,,,MA, Northampton
184,185,,Redacted*,03:30:00,No,23,F,White,Hispanic,None,"Emergency Restraint Chair, Physical Force",5,Arrest,No,No,,3,,,,,,MA, Northampton
185,186,,"Disorderly Conduct, Assault&Battery on a Police Officer, Resisting Arrest",00:50:00,No,25,F,Black,Non-Hisp.,Alcohol,O.C. Spray,2,Arrest,No,Assaulted in the face,,4,,,,,,MA, Northampton
186,187,,"Disorderly Conduct, Resisting Arrest, Assault&Battery on a Police Officer",02:24:00,No,34,M,Black,Non-Hisp.,Alcohol,O.C. Spray,2,Arrest,No,No,,5,,,,,,MA, Northampton
187,188,,Section 12- Mental Health,10:57:00,No,28,M,White,Non-Hisp.,None,40 MM Displayed,1,PC,No,No,,6,,,,,,MA, Northampton
188,189,,"Disturbance, Malicious Damage +$250, Breach of the Peace",10:30:00,No,52,M,Black,Non-Hisp.,None,40 MM Displayed,1,PC,No,No,,7,,,,,,MA, Northampton
189,190,,Section 12- Mental Health,09:04:00,No,26,M,White,Non-Hisp.,None,40 MM Displayed,2,PC,No,No,,8,,,,,,MA, Northampton
190,191,,Redacted*,16:12:00,No,14,M,White,Non-Hisp.,None,Arm Bar Take-Down,3,Arrest,No,No,,9,,,,,,MA, Northampton
191,192,,Protective Custody,20:00:00,No,50,M,White,Non-Hisp.,Alcohol,"Arm Bar Take-Down, Rear Wrist Lock",3,PC,No,No,,10,,,,,,MA, Northampton
192,193,,Section 12- Mental Health,07:48:00,No,65,M,White,Non-Hisp.,None,Rear Wrist Lock,2,PC,No,No,,11,,,,,,MA, Northampton
193,194,,Section 12- Mental Health,11:44:00,No,62,F,White,Non-Hisp.,Drugs,Rear Wrist Lock,2,PC,No,No,,12,,,,,,MA, Northampton
194,195,,Redacted*,18:08:00,No,22,F,Hispanic,Hispanic,None,"Physical Force, Tackle",1,Arrest,No,No,,13,,,,,,MA, Northampton
195,196,,Protective Custody,19:13:00,No,44,M,White,Non-Hisp.,Alcohol,Left Handed Push to Torso,1,PC,No,No,,14,,,,,,MA, Northampton
196,197,,"Assist Other Agency, Aggressive With Hospital Staff",10:25:00,No,23,M,Black,Non-Hisp.,None,"Non-Compliant Escort Position, Rear Wrist Lock",2,PC,No,No,,15,,,,,,MA, Northampton
197,198,,Drug Investigation,02:44:00,No,28,M,White,Non-Hisp.,None,Escorted to Ground,2,Arrest,No,No,,16,,,,,,MA, Northampton
198,199,,"Disorderly Conduct, Resisting Arrest ",01:42:00,No,22,M,White,Non-Hisp.,Alcohol,Rear Wrist Lock,2,Arrest,Shoulder injury,No,,17,,,,,,MA, Northampton
199,200,,Section 12- Mental Health,23:12:00,No,34,F,White,Non-Hisp.,Alcohol,"Non-Compliant Escort Position, Rear Wrist Lock",1,PC,No,No,,18,,,,,,MA, Northampton
200,201,,Redacted*,17:21:00,No,*,F,White,Non-Hisp.,None,Non-Compliant Escort Position,2,PC,No,No,,19,,,,,,MA, Northampton
201,202,,Protective Custody,14:47:00,No,45,M,Hispanic,Hispanic,Alcohol,Double Rear Wrist Lock,3,PC,No,No,,20,,,,,,MA, Northampton
202,203,,Section 12- Mental Health,10:32:00,No,53,F,White,Non-Hisp.,None,Non-Compliant Escort Position,2,PC,No,No,,21,,,,,,MA, Northampton
203,204,,Traffic Stop,02:55:00,No,24,F,Black,Non-Hisp.,Alcohol,"Pulled From Vehicle, Rear Wrist Lock",3,Arrest,No,No,,22,,,,,,MA, Northampton
204,205,,Disorderly Conduct,21:30:00,No,52,M,White,Non-Hisp.,Alcohol,"Rear Wrist Lock, Arm Bar Take-Down",2,Arrest,No,No,,23,,,,,,MA, Northampton
205,206,,Section 12- Mental Health,10:17:00,No,55,F,White,Non-Hisp.,None,Non-Compliant Escort Position,1,PC,No,No,,24,,,,,,MA, Northampton
206,207,,Redacted*,11:16:00,No,*,M,White,Non-Hisp.,None,Non-Compliant Escort Position,1,PC,No,No,,25,,,,,,MA, Northampton
207,208,,Redacted*,16:46:00,No,*,M,White,Non-Hisp.,None,Arm Bar Take-Down,1,PC,No,No,,26,,,,,,MA, Northampton
208,209,,Section 12- Mental Health,15:46:00,No,21,F,White,Non-Hisp.,None,Forced to Ground,1,PC,No,No,,27,,,,,,MA, Northampton
209,210,,Redacted*,23:00:00,No,24,M,Black,Non-Hisp.,Alcohol,Rear Wrist Lock,2,Arrest,No,No,,28,,,,,,MA, Northampton
210,211,,Assault&Battery on a Police Officer,04:36:00,No,36,F,White,Non-Hisp.,"Alcohol, Drugs","Non-Compliant Escort Position, Rear Wrist Lock",3,Arrest,No,No,,29,,,,,,MA, Northampton
211,212,,"Possession Class A, Resisting Arrest, Assault&Battery on a Police Officer, Intimidation of Witness",13:13:00,No,24,F,White,Non-Hisp.,Drugs,Double Rear Wrist Lock,1,Arrest,No,Right index finger injury,,30,,,,,,MA, Northampton
212,213,,Redacted*,09:57:00,No,*,F,Black,Non-Hisp.,None,Body Restrained,2,Arrest,Bumped head,No,,31,,,,,,MA, Northampton
213,214,,Section 12- Mental Health,05:24:00,No,58,F,White,Non-Hisp.,Alcohol,Rear Wrist Lock,2,PC,No,No,,32,,,,,,MA, Northampton
214,215,,Section 12- Mental Health,17:23:00,No,19,F,White,Non-Hisp.,None,Non-Compliant Escort Position,2,PC,No,No,,33,,,,,,MA, Northampton
215,216,,Redacted*,18:33:00,No,*,M,White,Non-Hisp.,None,Forced arms into handcuff position,2,Arrest,No,No,,34,,,,,,MA, Northampton
216,217,,"Assault&Battery, Resisting Arrest",16:44:00,No,44,M,White,Non-Hisp.,None,Rear Wrist Lock,2,Arrest,No,No,,35,,,,,,MA, Northampton
217,218,,"Drunk/Incapacitated, Protective Custody",00:51:00,No,26,M,White,Non-Hisp.,Alcohol,Rear Wrist Lock,2,PC,No,No,,36,,,,,,MA, Northampton
218,219,,"Shoplifting, Resisting Arrest, Disorderly Conduct, Possession of Class A",17:12:00,No,43,M,White,Non-Hisp.,None,"Tackled, Forced Arms into Handcuff Position",3,Arrest,No,No,,37,,,,,,MA, Northampton
219,220,,"B&E, Mal. Damage Over $250",22:07:00,No,39,M,Hispanic,Hispanic,Alcohol,"Physical Force, Tackle",1,Arrest,No,No,,38,,,,,,MA, Northampton
220,221,,Section 12- Mental Health,14:23:00,No,*,M,White,Non-Hisp.,None,"Physical Force, Carried",1,PC,No,No,,39,,,,,,MA, Northampton
221,222,,Section 12- Mental Health,00:33:00,No,18,M,White,Non-Hisp.,Alcohol,Arm Bar Take-Down,1,PC,No,No,,40,,,,,,MA, Northampton
222,223,,Redacted*,01:07:00,No,45,M,Hispanic,Non-Hisp.,Alcohol,Escorted to Ground,2,Arrest,No,No,,41,,,,,,MA, Northampton
223,224,,Redacted*,02:29:00,No,22,M,Hispanic,Hispanic,"Alcohol, Drugs","Rear Wrist Lock, Takedown",2,Arrest,No,No,,42,,,,,,MA, Northampton
224,225,,Redacted*,02:54:00,No,44,M,White,Non-Hisp.,Alcohol,Arm Bar Take-Down,1,Arrest,No,No,,43,,,,,,MA, Northampton
225,226,,"Disturbance, Unwanted Guest",21:49:00,No,21,M,White,Non-Hisp.,None,Rear Wrist Lock,2,Arrest,No,No,,44,,,,,,MA, Northampton
226,227,,Section 12- Mental Health,14:13:00,No,37,M,White,Non-Hisp.,Drugs,Body Restrained,5,PC,No,No,,45,,,,,,MA, Northampton
227,228,,Trespass,02:21:00,No,20,M,White,Non-Hisp.,Alcohol,Non-Compliant Escort Position,1,Arrest,No,No,,46,,,,,,MA, Northampton
228,229,,Section 12- Mental Health,18:12:00,No,64,M,White,Non-Hisp.,None,Non-Compliant Escort Position,2,PC,No,No,,47,,,,,,MA, Northampton
229,230,,Section 12- Mental Health,07:40:00,No,44,F,White,Non-Hisp.,Drugs,Rear Wrist Lock,2,PC,No,No,,48,,,,,,MA, Northampton
230,231,,Section 12- Mental Health,00:15:00,No,57,F,White,Non-Hisp.,Alcohol,Non-Compliant Escort Position,2,PC,No,No,,49,,,,,,MA, Northampton
231,232,,Protective Custody,22:44:00,No,57,F,White,Non-Hisp.,Alcohol,"Rear Wrist Lock, Non-Compliant Escort Position",3,PC,Marks from handcuffs,No,,50,,,,,,MA, Northampton
232,233,,"Disorderly, Resisting Arrest, Assault&Battery on a Police Officer",02:04:00,No,34,M,Black,Non-Hisp.,Alcohol,"O.C. Spray, Arm Bar Take-Down, Non-Compliant Escort Position",2,Arrest,No,No,,51,,,,,,MA, Northampton
233,234,,Redacted*,11:07:00,No,*,M,White,Non-Hisp.,None,Firmly Held Right Arm to Prevent Escape,1,PC,No,No,,52,,,,,,MA, Northampton
234,235,,"Disturbing the Peace, Resisting Arrest",08:06:00,No,38,F,White,Non-Hisp.,Alcohol,"Rear Wrist Lock, Non-Compliant Escort Position",2,Arrest,No,No,,53,,,,,,MA, Northampton
235,236,,Medical Emergency,05:09:00,No,50,M,Hispanic,Hispanic,None,Body Restrained,2,PC,No,No,,54,,,,,,MA, Northampton
236,237,,Warrant Arrest,09:40:00,No,50,F,Black,Non-Hisp.,Alcohol,"Rear Wrist Lock, Non-Compliant Escort Position",2,Arrest,No,No,,55,,,,,,MA, Northampton
237,238,,"Disorderly Conduct, Resisting Arrest",00:04:00,No,25,M,Hispanic,Hispanic,Alcohol,"Physical Force, Peroneal Knee Strike",2,Arrest,No,No,,56,,,,,,MA, Northampton
238,239,,Redacted*,14:00:00,No,15,F,White,Non-Hisp.,None,Rear Wrist Lock,1,PC,No,No,,57,,,,,,MA, Northampton
239,240,,"Resisting Arrest, Disorderly Conduct, Poss w/ Intent Class B, Consp to Violate Drug Law",02:56:00,No,26,F,White,Non-Hisp.,Alcohol,Double Rear Wrist Lock,2,Arrest,No,No,,58,,,,,,MA, Northampton
240,241,,"Disorderly Conduct, Resist Arrest, Open Container",16:13:00,No,45,M,Hispanic,Hispanic,Alcohol,Arm Bar Take-Down,2,Arrest,"Yes, minor scratches on hands",No,,59,,,,,,MA, Northampton
241,242,,"OUI Liquor, OUI Drugs, Leave Scene of Property Damage, Resisting Arrest",01:48:00,No,27,M,White,Non-Hisp.,"Alcohol, Drugs","Pulled From Scaling Fence, Rear Wrist Lock",1,Arrest,Lacerations from chainlink fence,Lacerations From chainlink fence,,60,,,,,,MA, Northampton
242,243,,"Disorderly Conduct, Resisting Arrest",10:12:00,No,56,M,White,Non-Hisp.,None,"Defensive Leg Kick, Body Restrained",2,Arrest,Facial lacerations,No,,61,,,,,,MA, Northampton
243,244,,"Disorderly Conduct, Domestic Disturbance Investigation",15:50:00,No,58,M,Hispanic,Hispanic,None,"Physical Force, Arm Bar Take-Down",2,Arrest,No,No,,62,,,,,,MA, Northampton
244,245,,Possession of Class B,02:35:00,No,31,F,White,Non-Hisp.,Drugs,"Physical Force, Rear Wrist Lock",2,Arrest,Right shoulder pain,No,,63,,,,,,MA, Northampton
245,246,,"Possession of Class A, Disorderly Conduct, Resisting Arrest",18:28:00,No,26,M,White,Non-Hisp.,None,Forced arms into handcuff position,1,Arrest,Abrasions to Forehead and Hands,No,,64,,,,,,MA, Northampton
246,247,,Disorderly Conduct,01:00:00,No,19,M,White,Non-Hisp.,Alcohol,"Physical Force, Body Restrained",1,Arrest,Self-Inflicted cut on bridge of nose,No,,65,,,,,,MA, Northampton
247,248,,"Warrant, Resisting Arrest, Assault&Battery on a Police Officer, Disorderly Conduct",01:41:00,No,44,F,Black,Non-Hisp.,Alcohol,"Physical Force, Body Restrained",2,Arrest,Cut on lip,No,,66,,,,,,MA, Northampton
248,249,,Trespass,00:52:00,No,56,M,White,Non-Hisp.,Alcohol,Baton Wrist Lock,1,Arrest,No,No,,67,,,,,,MA, Northampton
249,250,,Disorderly Conduct & Resisting Arrest,01:42:00,No,*,M,White,Non-Hisp.,Alcohol,Baton,2,No,No,No,,68,,,,,,MA, Northampton
250,251,,Disorderly Conduct & Resisting Arrest,01:42:00,No,*,M,Black,Non-Hisp.,Alcohol,Baton,2,No,No,No,,69,,,,,,MA, Northampton
251,252,,Redacted*,14:00:00,No,*,F,White,Non-Hisp.,None,Baton Support Arm Lock,1,PC,No,No,,70,,,,,,MA, Northampton
252,253,,Disorderly Conduct,04:12:00,No,35,M,White,Non-Hisp.,Drugs,"Baton Arm Lock, O.C. Spray, Physical Force",3,Arrest,"Self-Inflicted scrapes on torso, arms, and face",No,,71,,,,,,MA, Northampton
253,254,,"Traffic Stop, Larceny Over, Aggravated Shoplifting",11:06:00,No,31,M,Black,Non-Hisp.,None,Firearm Displayed,2,Arrest,No,No,,72,,,,,,MA, Northampton
254,255,,Self-Infliected Knife Wound,19:55:00,Yes,53,M,White,Non-Hisp.,Alcohol,Firearm Displayed,1,PC,Self-Inflicted Knife Wound,No,,73,,,,,,MA, Northampton
255,256,,Reported Firearm Possession,00:52:00,No,19,M,Hispanic,Hispanic,None,Firearm Displayed,1,Arrest,No,No,,74,,,,,,MA, Northampton
256,257,,Report of Fight With Possible Weapon Involvement,05:46:00,Yes,24,M,Hispanic,Hispanic,None,Firearm Displayed,3,Arrest,No,No,,75,,,,,,MA, Northampton
257,258,,Suspect Threatening People With Firearm,17:42:00,Yes,32,M,Hispanic,Hispanic,None,Firearm Displayed,3,Arrest,No,No,,76,,,,,,MA, Northampton
258,259,,"Disorderly Conduct, Carrying Dangerous Weapon",17:10:00,Yes,31,M,White,Non-Hisp.,Alcohol,Firearm Displayed,2,Arrest,No,No,,77,,,,,,MA, Northampton
259,260,,Domestic Disturbance,07:51:00,No,29,M,White,Non-Hisp.,None,Firearm Displayed,2,No,No,No,,78,,,,,,MA, Northampton
260,261,,"Disorderly Conduct, Carrying Dangerous Weapon",21:54:00,Yes,27,M,Black,Non-Hisp.,Alcohol,"Firearm Displayed, Physical Force",3,Arrest,Ankle injury from prior fight; face and arm lacerations.,No,,79,,,,,,MA, Northampton
261,262,,"Section 12- Mental Health, Reported Self-Inflicted Gun Shot Wound",14:43:00,Yes,40,M,White,Non-Hisp.,"Alcohol, Drugs",Firearm Displayed,3,PC,No,No,,80,,,,,,MA, Northampton
262,263,,Fail to Stop for Police,14:34:00,No,47,M,Black,Non-Hisp.,None,Firearm Displayed,2,Arrest,No,No,,81,,,,,,MA, Northampton
263,264,,Call Type,Time,Subject Weapon,Subject Age,Subject Gender,Subject Race,Subject Ethnicity,Subject Alcohol Drugs,Police Weapon,# of Shots Fired,# of Times Subject Hit,"Subject Injured- If yes, type:",Officer's Name,,,Event #,Officer's Gender,Officer's Race/Ethnicity,"Officer Injured- If yes, type:",Summary of Event,MA, Northampton
264,265,,,,,,,,,,,,,,,,,1,,,,,MA, Northampton
265,266,,,,,,,,,,,,,,,,,2018 Officer-involved Shootings,,,,,MA, Northampton
266,267,,Call Type,Time,Subject Weapon,Subject Age,Subject Gender,Subject Race,Subject Ethnicity,Subject Alcohol Drugs,Police Weapon,# of Shots Fired,# of Times Subject Hit,"Subject Injured- If yes, type:",Officer's Name,,,Event #,Officer's Gender,Officer's Race/Ethnicity,"Officer Injured- If yes, type:",Summary of Event,MA, Northampton
267,268,,,,,,,,,,,,,,,,,1,,,,,MA, Northampton
268,269,,,,,,,,,,,,,,,,,2017 Officer-involved Shootings,,,,,MA, Northampton
269,270,,Call Type,Time,Subject Weapon,Subject Age,Subject Gender,Subject Race,Subject Ethnicity,Subject Alcohol Drugs,Police Weapon,# of Shots Fired,# of Times Subject Hit,"Subject Injured- If yes, type:",Officer's Name,,,Event #,Officer's Gender,Officer's Race/Ethnicity,"Officer Injured- If yes, type:",Summary of Event,MA, Northampton
270,271,,,,,,,,,,,,,,,,,1,,,,,MA, Northampton
271,272,,,,,,,,,,,,,,,,,2016 Officer-involved Shootings,,,,,MA, Northampton
272,273,,Call Type,Time,Subject Weapon,Subject Age,Subject Gender,Subject Race,Subject Ethnicity,Subject Alcohol Drugs,Police Weapon,# of Shots Fired,# of Times Subject Hit,"Subject Injured- If yes, type:",Officer's Name,,,Event #,Officer's Gender,Officer's Race/Ethnicity,"Officer Injured- If yes, type:",Summary of Event,MA, Northampton
273,274,,,,,,,,,,,,,,,,,1,,,,,MA, Northampton
274,275,,,,,,,,,,,,,,,,,2015 Officer-involved Shootings,,,,,MA, Northampton
275,276,,Call Type,Time,Subject Weapon,Subject Age,Subject Gender,Subject Race,Subject Ethnicity,Subject Alcohol Drugs,Police Weapon,# of Shots Fired,# of Times Subject Hit,"Subject Injured- If yes, type:",Officer's Name,,,Event #,Officer's Gender,Officer's Race/Ethnicity,"Officer Injured- If yes, type:",Summary of Event,MA, Northampton
276,277,,,,,,,,,,,,,,,,,1,,,,,MA, Northampton
277,278,,,,,,,,,,,,,,,,,2014 Officer-involved Shootings,,,,,MA, Northampton
278,279,,Call Type,Time,Subject Weapon,Subject Age,Subject Gender,Subject Race,Subject Ethnicity,Subject Alcohol Drugs,Police Weapon,# of Shots Fired,# of Times Subject Hit,"Subject Injured- If yes, type:",Officer's Name,,,Event #,Officer's Gender,Officer's Race/Ethnicity,"Officer Injured- If yes, type:",Summary of Event,MA, Northampton
279,280,,,,,,,,,,,,,,,,,1,,,,,MA, Northampton
280,281,,,,,,,,,,,,,,,,,2013 Officer-involved Shootings,,,,,MA, Northampton
281,282,,Call Type,Time,Subject Weapon,Subject Age,Subject Gender,Subject Race,Subject Ethnicity,Subject Alcohol Drugs,Police Weapon,# of Shots Fired,# of Times Subject Hit,"Subject Injured- If yes, type:",Officer's Name,,,Event #,Officer's Gender,Officer's Race/Ethnicity,"Officer Injured- If yes, type:",Summary of Event,MA, Northampton
282,283,,,,,,,,,,,,,,,,,1,,,,,MA, Northampton
283,284,,,,,,,,,,,,,,,,,2012 Officer-involved Shootings,,,,,MA, Northampton
284,285,,Call Type,Time,Subject Weapon,Subject Age,Subject Gender,Subject Race,Subject Ethnicity,Subject Alcohol Drugs,Police Weapon,# of Shots Fired,# of Times Subject Hit,"Subject Injured- If yes, type:",Officer's Name,,,Event #,Officer's Gender,Officer's Race/Ethnicity,"Officer Injured- If yes, type:",Summary of Event,MA, Northampton
285,286,,,,,,,,,,,,,,,,,1,,,,,MA, Northampton
286,287,,,,,,,,,,,,,,,,,2011 Officer-involved Shootings,,,,,MA, Northampton
287,288,,Call Type,Time,Subject Weapon,Subject Age,Subject Gender,Subject Race,Subject Ethnicity,Subject Alcohol Drugs,Police Weapon,# of Shots Fired,# of Times Subject Hit,"Subject Injured- If yes, type:",Officer's Name,,,Event #,Officer's Gender,Officer's Race/Ethnicity,"Officer Injured- If yes, type:",Summary of Event,MA, Northampton
288,289,,,,,,,,,,,,,,,,,1,,,,,MA, Northampton
289,290,,,,,,,,,,,,,,,,,2010 Officer-involved Shootings,,,,,MA, Northampton
290,291,,Call Type,Time,Subject Weapon,Subject Age,Subject Gender,Subject Race,Subject Ethnicity,Subject Alcohol Drugs,Police Weapon,# of Shots Fired,# of Times Subject Hit,"Subject Injured- If yes, type:",Officer's Name,,,Event #,Officer's Gender,Officer's Race/Ethnicity,"Officer Injured- If yes, type:",Summary of Event,MA, Northampton
291,292,,,,,,,,,,,,,,,,,1,,,,,MA, Northampton
292,293,,,,,,,,,,,,,,,,,2009 Officer-involved Shootings,,,,,MA, Northampton
293,294,,Call Type,Time,Subject Weapon,Subject Age,Subject Gender,Subject Race,Subject Ethnicity,Subject Alcohol Drugs,Police Weapon,# of Shots Fired,# of Times Subject Hit,"Subject Injured- If yes, type:",Officer's Name,,,Event #,Officer's Gender,Officer's Race/Ethnicity,"Officer Injured- If yes, type:",Summary of Event,MA, Northampton
294,295,,,,,,,,,,,,,,,,,1,,,,,MA, Northampton
295,296,,,,,,,,,,,,,,,,,2008 Officer-involved Shootings,,,,,MA, Northampton
296,297,,Call Type,Time,Subject Weapon,Subject Age,Subject Gender,Subject Race,Subject Ethnicity,Subject Alcohol Drugs,Police Weapon,# of Shots Fired,# of Times Subject Hit,"Subject Injured- If yes, type:",Officer's Name,,,Event #,Officer's Gender,Officer's Race/Ethnicity,"Officer Injured- If yes, type:",Summary of Event,MA, Northampton
297,298,,,,,,,,,,,,,,,,,1,,,,,MA, Northampton
298,299,,,,,,,,,,,,,,,,,2007 Officer-involved Shootings,,,,,MA, Northampton
299,300,,Call Type,Time,Subject Weapon,Subject Age,Subject Gender,Subject Race,Subject Ethnicity,Subject Alcohol Drugs,Police Weapon,# of Shots Fired,# of Times Subject Hit,"Subject Injured- If yes, type:",Officer's Name,,,Event #,Officer's Gender,Officer's Race/Ethnicity,"Officer Injured- If yes, type:",Summary of Event,MA, Northampton
300,301,,,,,,,,,,,,,,,,,1,,,,,MA, Northampton
301,302,,,,,,,,,,,,,,,,,2006 Officer-involved Shootings,,,,,MA, Northampton
302,303,,Call Type,Time,Subject Weapon,Subject Age,Subject Gender,Subject Race,Subject Ethnicity,Subject Alcohol Drugs,Police Weapon,# of Shots Fired,# of Times Subject Hit,"Subject Injured- If yes, type:",Officer's Name,,,Event #,Officer's Gender,Officer's Race/Ethnicity,"Officer Injured- If yes, type:",Summary of Event,MA, Northampton
303,304,,,,,,,,,,,,,,,,,1,,,,,MA, Northampton
304,305,,,,,,,,,,,,,,,,,2005 Officer-involved Shootings,,,,,MA, Northampton
305,306,,Call Type,Time,Subject Weapon,Subject Age,Subject Gender,Subject Race,Subject Ethnicity,Subject Alcohol Drugs,Police Weapon,# of Shots Fired,# of Times Subject Hit,"Subject Injured- If yes, type:",Officer's Name,,,Event #,Officer's Gender,Officer's Race/Ethnicity,"Officer Injured- If yes, type:",Summary of Event,MA, Northampton
306,307,,,,,,,,,,,,,,,,,1,,,,,MA, Northampton
307,308,,,,,,,,,,,,,,,,,2004 Officer-involved Shootings,,,,,MA, Northampton
308,309,,Call Type,Time,Subject Weapon,Subject Age,Subject Gender,Subject Race,Subject Ethnicity,Subject Alcohol Drugs,Police Weapon,# of Shots Fired,# of Times Subject Hit,"Subject Injured- If yes, type:",Officer's Name,,,Event #,Officer's Gender,Officer's Race/Ethnicity,"Officer Injured- If yes, type:",Summary of Event,MA, Northampton
309,310,,,,,,,,,,,,,,,,,1,,,,,MA, Northampton
310,311,,,,,,,,,,,,,,,,,2003 Officer-involved Shootings,,,,,MA, Northampton
311,312,,Call Type,Time,Subject Weapon,Subject Age,Subject Gender,Subject Race,Subject Ethnicity,Subject Alcohol Drugs,Police Weapon,# of Shots Fired,# of Times Subject Hit,"Subject Injured- If yes, type:",Officer's Name,,,Event #,Officer's Gender,Officer's Race/Ethnicity,"Officer Injured- If yes, type:",Summary of Event,MA, Northampton
312,313,,,,,,,,,,,,,,,,,1,,,,,MA, Northampton
313,314,,,,,,,,,,,,,,,,,2002 Officer-involved Shootings,,,,,MA, Northampton
314,315,,Call Type,Time,Subject Weapon,Subject Age,Subject Gender,Subject Race,Subject Ethnicity,Subject Alcohol Drugs,Police Weapon,# of Shots Fired,# of Times Subject Hit,"Subject Injured- If yes, type:",Officer's Name,,,Event #,Officer's Gender,Officer's Race/Ethnicity,"Officer Injured- If yes, type:",Summary of Event,MA, Northampton
315,316,,,,,,,,,,,,,,,,,1,,,,,MA, Northampton
316,317,,,,,,,,,,,,,,,,,2001 Officer-involved Shootings,,,,,MA, Northampton
317,318,,Call Type,Time,Subject Weapon,Subject Age,Subject Gender,Subject Race,Subject Ethnicity,Subject Alcohol Drugs,Police Weapon,# of Shots Fired,# of Times Subject Hit,"Subject Injured- If yes, type:",Officer's Name,,,Event #,Officer's Gender,Officer's Race/Ethnicity,"Officer Injured- If yes, type:",Summary of Event,MA, Northampton
318,319,,,,,,,,,,,,,,,,,1,,,,,MA, Northampton
319,320,,,,,,,,,,,,,,,,,2000 Officer-involved Shootings,,,,,MA, Northampton
320,321,,Call Type,Time,Subject Weapon,Subject Age,Subject Gender,Subject Race,Subject Ethnicity,Subject Alcohol Drugs,Police Weapon,# of Shots Fired,# of Times Subject Hit,"Subject Injured- If yes, type:",Officer's Name,,,Event #,Officer's Gender,Officer's Race/Ethnicity,"Officer Injured- If yes, type:",Summary of Event,MA, Northampton
321,322,,,,,,,,,,,,,,,,,1,,,,,MA, Northampton
